Hugo_Symbol,Chromosome,Start_Position,Reference_Allele,Tumor_Seq_Allele2,t_depth,t_alt_count,VAF,normal_VAF,af_diff,strand_bias,cosmic_hit,gene_role,llm_classification,llm_confidence,llm_relevance,llm_explanation
CDKN2A,7,188968940,N,N,613,350,0.5709624796084829,0.0,0.5709624796084829,0.4342857142857144,1,tumor_suppressor,somatic_high_conf,0.92,pathogenic,"Mock classified variant as somatic_high_conf in CDKN2A based on coverage (613x), VAF (57.10%), and driver status."
CDKN2A,18,65079476,N,N,689,170,0.2467343976777939,0.0,0.2467343976777939,0.0941176470588235,1,tumor_suppressor,somatic_high_conf,0.92,pathogenic,"Mock classified variant as somatic_high_conf in CDKN2A based on coverage (689x), VAF (24.67%), and driver status."
CDKN2A,17,68607046,N,N,362,39,0.10773480662983426,0.0,0.10773480662983426,0.0256410256410255,1,tumor_suppressor,somatic_high_conf,0.92,pathogenic,"Mock classified variant as somatic_high_conf in CDKN2A based on coverage (362x), VAF (10.77%), and driver status."
FAT1,21,104851573,N,N,742,243,0.3274932614555256,0.0,0.3274932614555256,0.037037037037037,1,tumor_suppressor,somatic_high_conf,0.92,pathogenic,"Mock classified variant as somatic_high_conf in FAT1 based on coverage (742x), VAF (32.75%), and driver status."
FAT1,17,89344706,N,N,371,104,0.2803234501347709,0.0,0.2803234501347709,0.0961538461538462,1,tumor_suppressor,somatic_high_conf,0.92,pathogenic,"Mock classified variant as somatic_high_conf in FAT1 based on coverage (371x), VAF (28.03%), and driver status."
KEAP1,4,181661198,N,N,420,173,0.4119047619047619,0.0,0.4119047619047619,0.2369942196531792,1,tumor_suppressor,somatic_high_conf,0.92,pathogenic,"Mock classified variant as somatic_high_conf in KEAP1 based on coverage (420x), VAF (41.19%), and driver status."
KEAP1,17,194005479,N,N,93,26,0.27956989247311825,0.0,0.27956989247311825,0.0,1,tumor_suppressor,somatic_high_conf,0.92,pathogenic,"Mock classified variant as somatic_high_conf in KEAP1 based on coverage (93x), VAF (27.96%), and driver status."
KRAS,8,101756017,N,N,162,96,0.5925925925925926,0.0,0.5925925925925926,0.3333333333333333,1,oncogene,somatic_high_conf,0.92,pathogenic,"Mock classified variant as somatic_high_conf in KRAS based on coverage (162x), VAF (59.26%), and driver status."
RB1,19,16214387,N,N,357,138,0.3865546218487395,0.0,0.3865546218487395,0.7681159420289856,1,tumor_suppressor,somatic_high_conf,0.92,pathogenic,"Mock classified variant as somatic_high_conf in RB1 based on coverage (357x), VAF (38.66%), and driver status."
RB1,20,193657229,N,N,522,102,0.19540229885057472,0.0,0.19540229885057472,0.0392156862745098,1,tumor_suppressor,somatic_high_conf,0.92,pathogenic,"Mock classified variant as somatic_high_conf in RB1 based on coverage (522x), VAF (19.54%), and driver status."
RB1,22,13078220,N,N,530,50,0.09433962264150944,0.0,0.09433962264150944,0.1599999999999999,1,tumor_suppressor,somatic_high_conf,0.92,pathogenic,"Mock classified variant as somatic_high_conf in RB1 based on coverage (530x), VAF (9.43%), and driver status."
SMAD4,11,70971607,N,N,87,48,0.5517241379310345,0.0,0.5517241379310345,0.5833333333333333,1,tumor_suppressor,somatic_high_conf,0.92,pathogenic,"Mock classified variant as somatic_high_conf in SMAD4 based on coverage (87x), VAF (55.17%), and driver status."
SMAD4,22,188269955,N,N,579,126,0.21761658031088082,0.0,0.21761658031088082,0.5238095238095238,1,tumor_suppressor,somatic_high_conf,0.92,pathogenic,"Mock classified variant as somatic_high_conf in SMAD4 based on coverage (579x), VAF (21.76%), and driver status."
TP53,8,97778850,N,N,623,178,0.2857142857142857,0.0,0.2857142857142857,0.797752808988764,1,tumor_suppressor,somatic_high_conf,0.92,pathogenic,"Mock classified variant as somatic_high_conf in TP53 based on coverage (623x), VAF (28.57%), and driver status."
TP53,9,59875880,N,N,89,4,0.0449438202247191,0.0,0.0449438202247191,0.0,1,tumor_suppressor,somatic_high_conf,0.92,pathogenic,"Mock classified variant as somatic_high_conf in TP53 based on coverage (89x), VAF (4.49%), and driver status."
